Member Name,Address,Phone,Email,Website
0X2,"{'Link': 'https://www.google.fr/maps/place/102 boulevard Sebastopol, 75003 Paris/', 'Text': ''}",,france@ox2.com,https://www.ox2.com
2W RH,"{'Link': 'https://www.google.fr/maps/place/Savoie Technolac, 19 Allée du Lac Saint-André - 73372 LE BOURGET DU LAC CEDEX/', 'Text': ''}",09 70 21 01 06,contact@2w-rh.fr,http://www.2w-rh.fr/
3D Energies SAEML,"{'Link': 'https://www.google.fr/maps/place/336 avenue de Paris 79000 Niort/', 'Text': ''}",+33549252500,info@3denergies.com,https://www.3denergies.fr
3E France,"{'Link': 'https://www.google.fr/maps/place/1 rue du Poids de l’Huile 31000 Toulouse/', 'Text': ''}",05 81 18 07 70,info@3e.eu,http://www.3e.eu/
8.2 France,"{'Link': 'https://www.google.fr/maps/place/1401 avenue du Mondial 98 34000 Montpellier/', 'Text': ''}",04 67 29 74 43,info@8p2.fr,http://www.8p2.fr/
ABCYSS FORMATION,"{'Link': ""https://www.google.fr/maps/place/4 rue de l'Industrie 38420 DOMÈNE/"", 'Text': ''}",04 76 8 56 88,t.szpytma@abcyss-formation.fr,www.abcyss-formation.com
ABEI ENERGY FRANCE,"{'Link': 'https://www.google.fr/maps/place/292 route de Launaguet 31200 Toulouse/', 'Text': ''}",,,www.abeienergy.com
ABO WIND,"{'Link': 'https://www.google.fr/maps/place/2 rue du Libre Echange 31506 Toulouse Cedex 5/', 'Text': ''}",05 34 31 16 76,contact@abo-wind.fr,https://www.abo-wind.com/
ADI,"{'Link': 'https://www.google.fr/maps/place/6 allée du Doyen Georges Brus 33600 PESSAC/', 'Text': ''}",05 57 57 84 88,contact@adi-na.fr,https://www.adi-na.fr
AENCO,"{'Link': 'https://www.google.fr/maps/place/330 rue Fra Angelico, 34000 Montpellier/', 'Text': ''}",+33767043797,hello@aenco.eu,https://aenco.eu/
AEOLIA,"{'Link': 'https://www.google.fr/maps/place/164 rue de la Blandinière 44390 PETIT-MARS/', 'Text': ''}",0676927317,clarence.vigarie@aeolia-ac.com,https://www.aeolia-ac.com/
AGREGIO,"{'Link': 'https://www.google.fr/maps/place/43 avenue de la Grande Armée 75116 Paris/', 'Text': ''}",,contact@agregio-edf.com,http://www.agregio-edf.com
ALEXIS ASSURANCES,"{'Link': ""https://www.google.fr/maps/place/1 rue Louis Juttet 69410 CHAMPAGNE-AU-MONT-D'OR/"", 'Text': ''}",678426846,info@alexis-assurances.com,https://www.alexis-assurances.com
ALPIC FORMATION,"{'Link': 'https://www.google.fr/maps/place/691 chemin des fontaines, Parc Technologique cidex 8F, 38190 BERNIN/', 'Text': ''}",476133030,alpic@alpic.fr,https://alpic.fr
ALPIQ ECOPOWER France,"{'Link': 'https://www.google.fr/maps/place/36 rue du Languedoc 31000 Toulouse/', 'Text': ''}",05 61 14 61 84,,http://www.alpiq.fr
ALTERRIC SARL,"{'Link': 'https://www.google.fr/maps/place/330 rue du Port Salut 60126 LONGUEIL-SAINTE-MARIE/', 'Text': ''}",03 44 91 72 71,fabrice.gourat@alterric.com,https://www.alterric.com
Am’Eole GmbH,"{'Link': 'https://www.google.fr/maps/place/Kohl-Weigand-Straße 20, 66386 St. Ingbert, Allemagne/', 'Text': ''}",+49 6894 9662598,contact@ameole.de,
AMUNDI Transition Énergetique,"{'Link': 'https://www.google.fr/maps/place/91 Boulevard Pasteur, 75015 Paris/', 'Text': ''}",33143233030,gregoire.destenay@amundi-ate.com,https://www.amundi.fr
ARHYZE,"{'Link': 'https://www.google.fr/maps/place/185 boulevard Maréchal Leclerc, Bordeaux Technowest , 33000 Bordeaux/', 'Text': ''}",06 15 29 01 22,contact@arhyze.com,https://www.arhyze.com/
ARKOLIA ENERGIES,"{'Link': 'https://www.google.fr/maps/place/ZA du Bosc 16 rue des Vergers 34130 Mudaison/', 'Text': ''}",04 67 40 47 03,,http://www.arkolia-energies.com/
ARTELIA,"{'Link': 'https://www.google.fr/maps/place/21 Avenue ALBERT CAMUS 21000 Dijon/', 'Text': ''}",03 80 78 95 50,xavier.viciana@arteliagroup.com,https://www.arteliagroup.com/fr
Atlantique Maritime Services,"{'Link': 'https://www.google.fr/maps/place/rue du Galion 44480 Donges/', 'Text': ''}",02 40 45 22 61,,
ATLAS-SUD,"{'Link': 'https://www.google.fr/maps/place/10 Rue des Tulipes 34430 Saint Jean de Vedas/', 'Text': ''}",06 88 86 64 91,mathieu.vignon@atlas-sud.com,https://atlas-sud.com/fr
AXPO FRANCE,"{'Link': 'https://www.google.fr/maps/place/12 rue Vivienne 75002 Paris/', 'Text': ''}",,info.frbelu@axpo.com,http://www.axpo.com/
BAYWA R.E. France,"{'Link': 'https://www.google.fr/maps/place/105 rue La Fayette 75010 Paris/', 'Text': ''}",01 55 31 49 80,info@baywa-re.fr,http://www.baywa-re.fr/fr/
BCTG AVOCATS,"{'Link': 'https://www.google.fr/maps/place/53 rue des Belles Feuilles 75116 Paris/', 'Text': ''}",01 44 15 61 00,p.elfassi@bctg-avocats.com,https://bctg-avocats.com/
BDO Ile-de-France,"{'Link': 'https://www.google.fr/maps/place/7 rue du Parc de Clagny 78000 Versailles/', 'Text': ''}",01 30 83 91 70,,https://www.bdo.fr/
BENTAM,"{'Link': 'https://www.google.fr/maps/place/18 boulevard Malesherbes 75008 PARIS/', 'Text': ''}",,info@bentam.fr,https://bentam.fr/
BILLAS AVENIR ENERGIE,"{'Link': 'https://www.google.fr/maps/place/7 rue Jean Gabin 57280 Maizières-Lès-Metz/', 'Text': ''}",09 83 34 33 61,,http://bae-energie.com
BIOSECO SA,"{'Link': 'https://www.google.fr/maps/place/Budowlanych 68, 80-298 Gdańsk, Pologne/', 'Text': ''}",48603422633,info@bioseco.com,https://www.bioseco.com/contact
BIOTOPE,"{'Link': 'https://www.google.fr/maps/place/ZA de la Maie 62720 Rinxent/', 'Text': ''}",04 67 18 46 20,siegesocial@biotope.fr,http://www.biotope.fr/
BIRD & BIRD AARPI,"{'Link': ""https://www.google.fr/maps/place/Centre d'Affaires Edouard VII, 3 Rue Édouard VII, 75009 Paris/"", 'Text': ''}",01 42 68 60 00,,https://www.twobirds.com/
BKW ENERGIE AG,"{'Link': 'https://www.google.fr/maps/place/Viktoriaplatz 2 3013 Bern/', 'Text': ''}",41 58 477 62 75,,https://www.bkw.ch/fr/
BLACK EAGLES GREEN ADVISORS,"{'Link': 'https://www.google.fr/maps/place/9 Avenue Jean-Baptiste Charcot, 34740 VENDRAGUES/', 'Text': ''}",,jaisabelle@blackeagles.green,
Blue Brokers,"{'Link': 'https://www.google.fr/maps/place/9 rue des colonnes, 75002 Paris/', 'Text': ''}",,admin@blue-broker.eu,https://blueadvisors.eu/
BLUEFLOAT ENERGY,"{'Link': 'https://www.google.fr/maps/place/Calle Velazquez 64 28001 MADRID - Espagne/', 'Text': ''}",,info@bluefloat.com,https://www.bluefloat.com/
BLUESIGN,"{'Link': 'https://www.google.fr/maps/place/24 rue du Gouverneur Général Eboué, 92130 Issy-les Moulineaux/', 'Text': ''}",01 85 09 63 53,contact@bluesign.eu,https://bluesign.eu/
BMH Avocats,"{'Link': 'https://www.google.fr/maps/place/29 rue du Faubourg Saint-Honoré 75008 Paris/', 'Text': ''}",01 42 66 63 19,bmh@bmhavocats.com,http://bmhavocats.com
BORALEX,"{'Link': 'https://www.google.fr/maps/place/8 rue Anatole France 59000 Lille/', 'Text': ''}",03 21 88 07 27,info@boralex.com,http://www.boralex.com/
BPCE ENERGECO,"{'Link': 'https://www.google.fr/maps/place/10 place de la Coupole 94220 Charenton-le-Pont/', 'Text': ''}",01 58 32 80 80,,https://www.lease.bpce.fr/energies-renouvelables/
BPI FRANCE FINANCEMENT,"{'Link': 'https://www.google.fr/maps/place/27-31 avenue du Général Leclerc 94710 MAISONS-ALFORT/', 'Text': ''}",,,www.bpifrance.fr
BRETAGNE POLE NAVAL,"{'Link': 'https://www.google.fr/maps/place/6 bis rue François Toullec, 56100 Lorient/', 'Text': ''}",02 97 32 77 69,contact@bpn.bzh,https://www.bpn.bzh/
BRITTANY AVIATION,"{'Link': ""https://www.google.fr/maps/place/13B Rte de l'Innovation, 29000 Quimper/"", 'Text': ''}",986083934,morgann.seite@brittanyaviation.fr,https://brittanyaviation.fr/
BTCG AVOCATS,"{'Link': 'https://www.google.fr/maps/place/53 rue des Belles Feuilles, 75116 PARIS/', 'Text': ''}",01 44 15 61 00,p.elfassi@btcg-avotas.fr,https://bctg-avocats.com/
BUREAU VERITAS CONSTRUCTION,"{'Link': 'https://www.google.fr/maps/place/67/71 bd du Château 92571 Neuilly-Sur-Scene/', 'Text': ''}",01 55 24 70 00,info@fr.bureauveritas.com,http://construction.bureauveritas.fr
BW IDEOL,"{'Link': 'https://www.google.fr/maps/place/Espace Mistral Bâtiment B 375 avenue du Mistral 13600 La Ciotat/', 'Text': ''}",04 86 20 80 50,,https://www.bw-ideol.com/fr
BWTS,"{'Link': 'https://www.google.fr/maps/place/4 rue des Indes Noires 80440 BOVES/', 'Text': ''}",03 22 41 15 10,jcoulon@bwts-info.fr,https://www.bwts-info.de/fr/
CABINET BRUN CESSAC,"{'Link': 'https://www.google.fr/maps/place/242 Bis Boulevard Saint-Germain, 75007 Paris/', 'Text': ''}",01 45 48 52 68,cecile.cessac@nbcaa.com,https://bruncessac.com/
Cabinet Ravetto Associés,"{'Link': 'https://www.google.fr/maps/place/6 square de l’Opéra Louis Jouvet 75009 Paris/', 'Text': ''}",01 80 48 12 60,,http://www.ravetto-associes.fr
CAISSE DES DEPOTS ET CONSIGNATIONS,"{'Link': 'https://www.google.fr/maps/place/72 avenue Pierre Mendès France 75914 Paris cedex 13/', 'Text': ''}",01 58 50 00 00,Departement-TEE-DIDL@caissedepots.fr,http://www.caissedesdepots.fr
CALYCE DEVELOPPEMENT,"{'Link': 'https://www.google.fr/maps/place/42 rue de Champagne 51240 Vitry La Ville/', 'Text': ''}",03 26 67 74 35,contact@calyce-developpement.fr,http://www.calyce-developpement.fr/
CARBON,"{'Link': 'https://www.google.fr/maps/place/4 rue de la République 69001 Lyon/', 'Text': ''}",04 26 78 66 95,contact@carbon-solar.com,https://carbon-solar.com/
CAREMAG,"{'Link': 'https://www.google.fr/maps/place/Tour Part Dieu 129 rue Servient 69003 Lyon/', 'Text': ''}",,Caroline.FORTIN@carester.fr,https://www.carester.fr/
CATHIE,"{'Link': 'https://www.google.fr/maps/place/177 avenue Clémenceau, 92000 Nanterre/', 'Text': ''}",01 47 32 48 30 ,Emmanuelle.Gautier@cathiegroup.com,https://cathiegroup.com/
CEMATER,"{'Link': 'https://www.google.fr/maps/place/132 Boulevard Pénélope, 34000 Montpellier/', 'Text': ''}",07 81 12 89 11,contact@cemater.com,https://cemater.com/
CEPS,"{'Link': 'https://www.google.fr/maps/place/37 avenue des Colverts 44380 Pornichet/', 'Text': ''}",02 40 61 32 08,contact@ceps-survie.com,http://www.ceps-survie.com
CEZ FRANCE SAS,"{'Link': 'https://www.google.fr/maps/place/2 Rue du Libre Échange CS 95893 31506 Toulouse Cedex 5/', 'Text': ''}",,info@cezfrance.fr,http://www.cezfrance.fr/fr/accueil.html
CFAI Bretagne (UINM),"{'Link': 'https://www.google.fr/maps/place/7 rue du Bignon - La Prunelle - BP 221 22192 Plerin/', 'Text': ''}",02 96 74 71 59,regional@cfaibretagne.org,https://www.formation-industrie.bzh/
CGN EUROPE ENERGY,"{'Link': 'https://www.google.fr/maps/place/Tour Pacific - 11 cours Valmy 92977 PARIS LA DÉFENSE/', 'Text': ''}",174909494,chris.francois@cgnee.com,http://www.cgnee.com/
CINAV,"{'Link': 'https://www.google.fr/maps/place/Les Capucins, 245 Cr Aimé Césaire, 29200 Brest/', 'Text': ''}",02 21 03 00 40,contact@cinav.fr,
CMO consulting,"{'Link': '', 'Text': ''}",,clement.moine@hotmail.fr,
COBRA,"{'Link': 'https://www.google.fr/maps/place/1 boulevard JF Kennedy, 66100 Perpignan /', 'Text': ''}",0624440238,daphne.destievan@grupocobra.com,https://grupocobra.com 
Cohérence énergies,"{'Link': 'https://www.google.fr/maps/place/1 rue du nord 59840 Perenchies/', 'Text': ''}",03 20 00 38 72,contact@coherence-energies.fr,http://coherence-energies.fr/
COLAS FRANCE,"{'Link': 'https://www.google.fr/maps/place/7 place René Clair 92653 Boulogne-Billancourt/', 'Text': ''}",01 47 61 76 93,contact-editorial@colas.fr,https://www.colas.com
COPENHAGEN OFFSHORE PARTNERS A/S,"{'Link': 'https://www.google.fr/maps/place/40 rue du Louvre 75001 Paris/', 'Text': ''}",,info@cop.dk,https://cop.dk
CORIO GENERATION LIMITED,"{'Link': 'https://www.google.fr/maps/place/8 Ropemaker Street, EC2Y 9HD London UK/', 'Text': ''}",,claire.abraham@coriogeneration.com,https://www.coriogeneration.com/
CREDIT AGRICOLE CIB,"{'Link': 'https://www.google.fr/maps/place/92547, 12 Place des États Unis, 92120 Montrouge/', 'Text': ''}",01 41 89 00 00,,https://www.ca-cib.com/
CREDIT INDUSTRIEL ET COMMERCIAL (CIC),"{'Link': 'https://www.google.fr/maps/place/4 rue Gaillon 75002 Paris/', 'Text': ''}",01 42 66 84 44,,https://www.cic.fr/
CUBE GREEN ENERGY SAS,"{'Link': 'https://www.google.fr/maps/place/153 BOULEVARD HAUSSMANN 75009 PARIS/', 'Text': ''}",,cge.france@cubegreenenergy.com,https://cubegreenenergy.com/
CXC SL,"{'Link': 'https://www.google.fr/maps/place/Travessera de Gracia 62 08006 Barcelone/', 'Text': ''}",,info@cxcrenovables.com,http://www.cxcrenovables.com/fr/
DAVID PROJECT,"{'Link': 'https://www.google.fr/maps/place/16 rue des Arènes 49100 Angers/', 'Text': ''}",02 41 46 16 72,info@davidproject.fr,https://davidproject.fr
DEKRA Industrial,"{'Link': 'https://www.google.fr/maps/place/36 rue Alphonse Pluchet CS 60002 92227 Bagneux cedex/', 'Text': ''}",01 55 48 21 00,,https://www.dekra-industrial.fr
DEMINETEC,"{'Link': 'https://www.google.fr/maps/place/9 AVENUE DU MARECHAL DE LATTRE DE TASSIGNY 69330 MEYZIEU/', 'Text': ''}",0952510063,contact@deminetec.com,https://www.deminetec.com/
DEMOPOLIS CONCERTATION SAS,"{'Link': 'https://www.google.fr/maps/place/12 rue Ficatier 92400 Courbevoie/', 'Text': ''}",0772279808,lorette.haffner@demopolis-concertation.fr,https://www.demopolis-concertation.fr/
DERASP,"{'Link': 'https://www.google.fr/maps/place/23 rue Charles de Gaulle 78560 LE PORT-MARLY/', 'Text': ''}",0603356407,,https://www.aspiravi.com/fr/
DERBI,"{'Link': 'https://www.google.fr/maps/place/52 Av. Paul Alduy 66100 Perpignan/', 'Text': ''}",04 68 66 17 96,,http://www.pole-derbi.com/
DEUTSCHE WINDTECHNIK SARL,"{'Link': 'https://www.google.fr/maps/place/8 bis rue Gabriel Voisin 51100 Reims/', 'Text': ''}",4920 17 29 62 22,,https://www.deutsche-windtechnik.com
DHL DGF,"{'Link': 'https://www.google.fr/maps/place/Zone Cargo 7 - 27 rue de la Belle Borne 93290 Tremblay-en-France/', 'Text': ''}",,isabelle.porte@dhl.fr,https://www.dhl.com/fr-fr/home.html
DIADES MARINE,"{'Link': 'https://www.google.fr/maps/place/70 Rue Jean Doucet, 16470 Saint-Michel/', 'Text': ''}",07 45 00 52 59,eric.salesse@diadesmarine.com,https://www.diadesmarine.com/
DLA PIPER FRANCE LLP,"{'Link': 'https://www.google.fr/maps/place/27 Rue Laffitte 75009 Paris/', 'Text': ''}",01 40 15 24 00,,https://www.dlapiper.com/fr/france/
DLGA,"{'Link': 'https://www.google.fr/maps/place/6 rue Léon Trulin 59800 Lille/', 'Text': ''}",03 20 75 87 60,,http://www.dlga.fr
DNV GL,"{'Link': 'https://www.google.fr/maps/place/69 rue du Chevaleret 75013 Paris/', 'Text': ''}",01 44 50 56 10,energy.france@dnvgl.com,https://www.dnvgl.com/
DS AVOCATS,"{'Link': 'https://www.google.fr/maps/place/6 Rue Duret 75116 Paris/', 'Text': ''}",01 53 67 50 00,courrier@dsavocats.com,http://www.dsavocats.com/
E3 IdentiFlight France,"{'Link': 'https://www.google.fr/maps/place/1 ter Avenue de la Vertonne 44120 Vertou/', 'Text': ''}",,y.payelleville@e3-identiflight.fr,https://www.identiflight.com/
ECO DELTA,"{'Link': 'https://www.google.fr/maps/place/ZI Athélia I Bât C 420 rue des Mattes 13705 La Ciotat cedex/', 'Text': ''}",04 42 01 65 80,contact@ecodd.com,http://ecodelta.fr/
ECOSPHERE,"{'Link': 'https://www.google.fr/maps/place/3 bis rue des Remises 94100 Saint-Maur-des Fossés/', 'Text': ''}",01 45 11 24 30,ecosphere@ecosphere.fr,https://ecosphere.fr/
EDPR FRANCE HOLDING,"{'Link': 'https://www.google.fr/maps/place/25 quai Panhard et Levassor 75013 Paris/', 'Text': ''}",01 44 67 81 49,info@edpr.com,http://www.edpr.com/en
ELATOS,"{'Link': 'https://www.google.fr/maps/place/2 Rue des Mûriers, 69009 Lyon/', 'Text': ''}",04 81 91 53 90,contact@elatos.fr,http://www.elatos.fr
ELEMENTS,"{'Link': 'https://www.google.fr/maps/place/21 rue de Verdun 34000 Montpellier/', 'Text': ''}",04 34 26 61 67,contact@elements.green,http://www.elements.green/
ELICIO FRANCE,"{'Link': 'https://www.google.fr/maps/place/30 boulevard Richard Lenoir 75011 Paris/', 'Text': ''}",01 85 56 06 90,elicio.france@elicio-france.fr,https://www.elicio.be/fr/
ELYS,"{'Link': 'https://www.google.fr/maps/place/17 rue de la Servie 30000 Nïmes/', 'Text': ''}",08 95 79 59 54,contact@elys.eu,https://elys.eu
EMERGYA WIND TECHNOLOGIES HOLDINGS N.V.,"{'Link': 'https://www.google.fr/maps/place/Lindeboomseweg 51 3825 AL Amersfoort/', 'Text': ''}",01 33 454 0520,,http://www.ewtdirectwind.com
EMERSON,"{'Link': 'https://www.google.fr/maps/place/Rue Paul Baudry - BP 10150 - 68701 Cernay/', 'Text': ''}",04 72 15 98 00,sebastien.thomas@emerson.com,https://www.emerson.com/fr-fr/industries/automation/power-generation
ENBW – Energie,"{'Link': 'https://www.google.fr/maps/place/Energie Baden-Württemberg AG Schelmenwasenstraße 15 70567 Stuttgart/', 'Text': ''}",0 49 71 12 89,windkraft@enbw.com,https://www.enbw.com/
ENCAVIS AM MANAGEMENT GMHB,"{'Link': 'https://www.google.fr/maps/place/Professor Messerschmitt Strasse, 3 85579 Neubiberg, Allemagne/', 'Text': ''}",+49 89 44230 600,assetmanagement@encavis.com,https://www.encavis-am.com
ENCIS WIND,"{'Link': 'https://www.google.fr/maps/place/17 rue Charles Lindbergh P.A. OCEALIM 87270 Couzeix/', 'Text': ''}",05 55 48 94 90,contact@enciswind.com,http://www.encis-environnement.fr/
ENDIPREV FRANCE,"{'Link': 'https://www.google.fr/maps/place/9 rue Edmé mariotte, 44160 PONTCHATEAU /', 'Text': ''}",09 77 07 37 25,smartinez@endiprev.com,https://www.endiprev.com/
ENERCON GmbH,"{'Link': 'https://www.google.fr/maps/place/330 rue du Port Salut 60126 Longueil-Sainte-Marie/', 'Text': ''}",03 44 83 67 20,contact-france@enercon.de,https://www.enercon.de/fr/
ENERCOOP SCIC SA,"{'Link': 'https://www.google.fr/maps/place/16-18 quai de la Loire 75019 Paris/', 'Text': ''}",01 75 44 41 52,production@enercoop.org,http://www.enercoop.fr
ENERGIE EOLIENNE FRANCE Sas,"{'Link': 'https://www.google.fr/maps/place/21 rue du Faubourg Saint-Antoine Cour de Juin 75011 Paris/', 'Text': ''}",01 43 40 35 33,contact@eefsas.com,https://eefsas.com
Énergie Éolienne Solidaire – EES,"{'Link': 'https://www.google.fr/maps/place/1 rue des Arquebusiers 67000 Strasbourg/', 'Text': ''}",,,
ENERGIE PARTAGEE,"{'Link': 'https://www.google.fr/maps/place/16 - 18 quai de la Loire 75019 PARIS/', 'Text': ''}",01 81 80 23 32,,https://energie-partagee.org/
ENERGIEQUELLE SAS,"{'Link': 'https://www.google.fr/maps/place/12 rue Alek Plunian 35136 Saint-Jacques-de-la-Lande/', 'Text': ''}",02 99 36 77 40,info@energiequelle.fr,http://www.pt-technologie.fr
Energies citoyennes en Pays de Vilaine,"{'Link': 'https://www.google.fr/maps/place/7 rue Saint Conwoion 35600 Redon/', 'Text': ''}",02 99 72 39 49,pascale.auffret@enr-citoyennes.fr,https://www.enr-citoyennes.fr/
Énergies Ouvertes – EO SCOP,"{'Link': 'https://www.google.fr/maps/place/7 Rue Saint-Conwoïon Espace Odysseo, 35600 Redon/', 'Text': ''}",06 95 70 50 78,contact@eo-coop.fr,https://www.eocoop.fr/
ENERGIETEAM SAS,"{'Link': 'https://www.google.fr/maps/place/1 Rue des Énergies Nouvelles 80460 Oust-Marest/', 'Text': ''}",03 22 61 10 80,agence.ouest@energieteam.fr,http://www.energieteam.fr/
ENERGITER,"{'Link': 'https://www.google.fr/maps/place/770 rue Alfred Nobel 34000 Montpellier/', 'Text': ''}",04 27 04 50 49,contact@energiter.fr,https://www.energiter.fr/
ENERGREEN PRODUCTION,"{'Link': 'https://www.google.fr/maps/place/4 Avenue de Strasbourg, parc des collines, 68350 Didenheim/', 'Text': ''}",03 89 55 10 11,,http://energreenfrance.com/
ENERTRAG France,"{'Link': 'https://www.google.fr/maps/place/4-6 rue des Chauffours Cap Cergy Bât B 95015 Cergy-Pontoise/', 'Text': ''}",01 30 30 60 09,contact-france@enertrag.com,https://ww2.enertrag.com/
ENESI SARL,"{'Link': '', 'Text': ''}",33651652225,office@enesi.fr,https://www.wksimonsfeld.at/french/enesi-sarl/projet.html
ENGIE GREEN FRANCE,"{'Link': 'https://www.google.fr/maps/place/Le Triade II 215 Rue Samuel Morse 34000 Montpellier/', 'Text': ''}",04 99 52 64 70,,http://www.engie-green.fr
ENRSUR,"{'Link': 'https://www.google.fr/maps/place/22 rue de Palestro 75002 Paris/', 'Text': ''}",06 29 99 46 65,welcome@enrsur.com,https://www.enrsur.com/
ENVINERGY,"{'Link': 'https://www.google.fr/maps/place/28 rue de Copenhague 34200 Sète/', 'Text': ''}",04 67 46 96 72,contact@envinergy.com,http://www.envinergy.com/
ENVOL ENVIRONNEMENT,"{'Link': 'https://www.google.fr/maps/place/144 ALLEE HELENE BOUCHER 59118 Wambrechies/', 'Text': ''}",,jldozite@envol-environnement.fr,https://www.envolenvironnement.fr
Eol-C SAS,"{'Link': 'https://www.google.fr/maps/place/16 rue des Colverts 34000 Montpellier/', 'Text': ''}",+33 1 44 64 13 81,contact@eol-c.fr,http://eol-c.fr/
EOLE CONSTRUCTING,"{'Link': 'https://www.google.fr/maps/place/Espace Performance Centre Alphasis C2 35760 Saint-Grégoire/', 'Text': ''}",02 99 23 74 76,contact@eole-constructing.com,http://www.eole-constructing.com/
EOLFI,"{'Link': 'https://www.google.fr/maps/place/11 Avenue Delcassé c/o Wellio – 75008 Paris/', 'Text': ''}",01 40 07 95 00,contact@eolfi.com,https://www.eolfi.com/fr
EOLICA,"{'Link': 'https://www.google.fr/maps/place/7, Rue de la Gare, 69330, Meyzieu /', 'Text': ''}",805692222,l.frau@eaeolica.com,https://eaeolica.com/
EOLINK,"{'Link': 'https://www.google.fr/maps/place/115 Rue Claude Chappe, 29280 Plouzané/', 'Text': ''}",290262175,contact@eolink.fr,http://eolink.fr/fr/
EOLISE,"{'Link': 'https://www.google.fr/maps/place/Business center 4053 av Gustave Eiffel - Teleport 186 360 Chasseneuil-du-Poitou/', 'Text': ''}",05 49 38 88 25,contact@eolise.fr,https://www.eolise.fr
EOLISSUN,"{'Link': 'https://www.google.fr/maps/place/Chez CREALEAD - Hotel de la coopération 34070 Montpellier/', 'Text': ''}",683407933,mathilde.bouscary@eolissun.com,https://eolissun.com/
EOLTECH,"{'Link': 'https://www.google.fr/maps/place/8 rue du Colonel Driant 31400 Toulouse/', 'Text': ''}",05 61 15 44 13,contact@eoltech.fr,http://www.eoltech.fr/
EOS Wind France,"{'Link': 'https://www.google.fr/maps/place/7 rue d’Argenteuil 75001 Paris/', 'Text': ''}",09 72 10 05 60,contact@eoswindfrance.fr,http://www.eosholding.ch
EQOS ENERGIE LUXEMBOURG SARL,"{'Link': 'https://www.google.fr/maps/place/EQOS Energie France SAS 25 chemin du chapitre, 31100, Toulouse/', 'Text': ''}",+33 5 34 60 62 50,,https://eqos-energie.fr/
EQUINOR,"{'Link': 'https://www.google.fr/maps/place/Forusbeen 50 4035 Stavanger Norvège/', 'Text': ''}",4751990000,,https://www.equinor.com
ERG DEVELOPPEMENT FRANCE,"{'Link': 'https://www.google.fr/maps/place/16 Boulevard Montmartre, 75009 Paris/', 'Text': ''}",01 80 87 74 32,,https://www.epuron.fr/fr
ESA ENERGIES SAS,"{'Link': 'https://www.google.fr/maps/place/4051 Standaert Straete, 59670 Cassel/', 'Text': ''}",,info@esa-energies.com,http://esa-energies.com/contact/
ESCOFI,"{'Link': ""https://www.google.fr/maps/place/19 rue de l'Épau, 59230 Sars-et-Rosières/"", 'Text': ''}",03 27 21 99 20,contact@escofi.fr,http://www.escofi.fr/
ESG ENERGY SERVICE GROUP,"{'Link': 'https://www.google.fr/maps/place/Chemin du Marais, 80310 Picquigny/', 'Text': ''}",33634868485,info@energy-service-group.de,www.energy-service-group.com
EUROPEAN ENERGY FRANCE,"{'Link': 'https://www.google.fr/maps/place/5 Place des Coureauleurs, 17000 La Rochelle/', 'Text': ''}",,,https://www.europeanenergy.com
EUROWATT DEVELOPPEMENT,"{'Link': 'https://www.google.fr/maps/place/8 rue Auber 75009 Paris/', 'Text': ''}",01 42 61 84 53,contact@eurowatt-group.com,http://eurowatt-group.com
EUROWATT Services,"{'Link': 'https://www.google.fr/maps/place/8 rue Auber 75008 Paris/', 'Text': ''}",01 42 61 84 56,contact@eurowatt-group.com,http://www.eurowatt-group.com
EVEROZE,"{'Link': 'https://www.google.fr/maps/place/8 rue Léopold Sédar Senghor 14460 Colombelles/', 'Text': ''}",,contact@everoze.com,http://everoze.com
EVOLEN,"{'Link': 'https://www.google.fr/maps/place/39 rue louis blanc la Defense 1- 92400 Courbevoie/', 'Text': ''}",147176859,contact@evolen.org,https://evolen.org/
EWZ,"{'Link': 'https://www.google.fr/maps/place/Tramstrasse 35 8050 Zurich Suisse/', 'Text': ''}",+41 58 319 4111,info@ewz.ch,https://www.ewz.ch/
EXEN,"{'Link': 'https://www.google.fr/maps/place/116 route de Séverac 12130 Vimenet/', 'Text': ''}",05 81 63 07 22,ybeucher@exen.pro,
EXPLAIN,"{'Link': 'https://www.google.fr/maps/place/1 Cité Paradis, 75010 Paris/', 'Text': ''}",01 53 80 40 21,info@explain.fr,https://explain.fr/
EXUS FRANCE SAS,"{'Link': 'https://www.google.fr/maps/place/7 rue Léo Delibes 75116 Paris/', 'Text': ''}",,,https://www.exuspartners.com/#s21
FIDAL,"{'Link': 'https://www.google.fr/maps/place/32-34 avenue Kléber 75116 Paris/', 'Text': ''}",01 58 97 10 00,,http://www.fidal.com
FILHET-ALLARD ET COMPAGNIE,"{'Link': 'https://www.google.fr/maps/place/11-13 rue René Jacques 92130 Issy-les-Moulineaux/', 'Text': ''}",01 41 08 32 32,fap@filhet-allard.com,http://www.filhetallard.com
FIPELEC,"{'Link': 'https://www.google.fr/maps/place/7 rue du Mont Valérien 92210 Saint-Cloud/', 'Text': ''}",,contact@fipelec.fr,
FLYING FOR YOU,"{'Link': 'https://www.google.fr/maps/place/3 Rue Olympe de Gouges, 92600 Asnières-sur-Seine/', 'Text': ''}",,cheikh.kane@flyingforyou.fr,https://www.flyingforyou.fr/
FMTC SAFETY,"{'Link': 'https://www.google.fr/maps/place/303 Route du Fortelet, 59760 Grande Synthe/', 'Text': ''}",03 66 89 03 45,arnaud.lescene@fmtcsafety.com,https://fmtcsafety.com/fr/
FONDATION OPEN-C,"{'Link': 'https://www.google.fr/maps/place/Bâtiment IM3, 1 rue de la Noë 44300 Nantes/', 'Text': ''}",,contact@fondation-open-c.org,https://fondation-open-c.org/
FONDEOLE SAS,"{'Link': 'https://www.google.fr/maps/place/82 avenue de Bammental 51130 Vertus/', 'Text': ''}",03 26 53 21 96,info@fondeole.com,http://www.fondeole.com
France renouvelables,"{'Link': 'https://www.google.fr/maps/place/5 Avenue de la République 75011 Paris/', 'Text': ''}",01 42 60 07 41,contact@france-renouvelables.fr,https://www.france-renouvelables.fr/
GAIA ENERGY SYSTEMS,"{'Link': 'https://www.google.fr/maps/place/146 rue Paradis 13006 MARSEILLE/', 'Text': ''}",,,www.gaia-energy.fr
Gazel Énergie,"{'Link': 'https://www.google.fr/maps/place/9 Rue du Débarcadère 92700 Colombes/', 'Text': ''}",01 44 63 39 98,contact@gazelenergie.fr,https://gazelenergie.fr/
GDES Wind SAS,"{'Link': 'https://www.google.fr/maps/place/1445 avenue du Comtat 84500 BOLLENE/', 'Text': ''}",06 72 93 74 76,h.guigue@gdes.com,https://gdes.com/wind/fr/
GE WIND,"{'Link': 'https://www.google.fr/maps/place/20 avenue André Prothin 92063 Courbevoie/', 'Text': ''}",01 41 97 56 33,,https://www.gerenewableenergy.com/
GEG ENR,"{'Link': 'https://www.google.fr/maps/place/17 rue de la Frise BP183 38042 Grenoble/', 'Text': ''}",04 76 84 89 21,,https://groupe.geg.fr
GIDE LOYRETTE NOUEL AARPI,"{'Link': 'https://www.google.fr/maps/place/22 cours Albert 1er 75008 Paris/', 'Text': ''}",01 40 75 60 00,,https://www.gide.com
GLOBAL WIND POWER FRANCE,"{'Link': 'https://www.google.fr/maps/place/Tour Vista 52 quai de Dion Bouton 92800 Puteaux/', 'Text': ''}",01 73 00 67 85,france@globalwindpower.com,http://www.globalwindpower.fr/
GOTHAER,"{'Link': 'https://www.google.fr/maps/place/2 quai Kleber 67000 Strasbourg/', 'Text': ''}",03 88 75 50 60,courrier@gothaer.fr,https://www.gothaer.de/
GOWLING WLG FRANCE,"{'Link': 'https://www.google.fr/maps/place/38 avenue de l’Opéra, 75002 Paris/', 'Text': ''}",01 42 99 35 00,,https://gowlingwlg.com/en/global-reach/france/
GP JOULE France SAS,"{'Link': 'https://www.google.fr/maps/place/153 bd Haussmann 75008 Paris/', 'Text': ''}",01 69 07 04 08,info@gp-joule.com,http://www.gp-joule.eu/
GREENCOAT RENEWABLES,"{'Link': 'https://www.google.fr/maps/place/Second Floor 51A Dawson Street Dublin 2 D02 TV77 IRLANDE/', 'Text': ''}",442078329400,company.secretary@greencoat-renewables.com,https://www.greencoat-renewables.com/
GREENSOLVER,"{'Link': 'https://www.google.fr/maps/place/28 boulevard Haussmann 75009 Paris/', 'Text': ''}",01 80 87 85 60,contact@greensolver.net,https://greensolver.net
GREENVOLT POWER FRANCE SAS,"{'Link': 'https://www.google.fr/maps/place/152 rue Pierre Corneille/', 'Text': ''}",,john.bottomley@v-ridium.com,https://power.greenvolt.com/fr/
GreenWITS,"{'Link': ""https://www.google.fr/maps/place/RPT DE L'ECHANGEUR LIEUDIT LES LEVES 69360 SOLAIZE/"", 'Text': ''}",,yann.lepoutre@greenwits.com,https://www.greenwits.com/
GRETA-CFA du Maine,"{'Link': 'https://www.google.fr/maps/place/28 Rue des Grandes Courbes, 72100 Le Mans/', 'Text': ''}",02 43 84 04 50,contactgreta-cfa.maine@ac-nantes.fr,https://www.greta-cfa-paysdelaloire.fr/nos-centres-de-formation/greta-cfa-du-maine/
GRID SOLUTIONS SAS,"{'Link': 'https://www.google.fr/maps/place/259 allée Jacques Monod, 6979, SAINT-PRIEST2,/', 'Text': ''}",,,https://www.gegridsolutions.com/
GROUPE ETCHART,"{'Link': 'https://www.google.fr/maps/place/21 rue Galilée 17440 Aytré/', 'Text': ''}",05 59 52 56 80,accueil@groupe-etchart.fr,http://www.groupe-etchart.fr
GROUPE VALECO,"{'Link': 'https://www.google.fr/maps/place/188 rue Maurice Béjart CS 57392 34184 Montpellier cedex 4/', 'Text': ''}",04 67 40 74 00,,https://groupevaleco.com
H2air SAS,"{'Link': 'https://www.google.fr/maps/place/29 rue des trois cailloux 80000 Amiens/', 'Text': ''}",03 22 80 01 64,info@h2air.fr,https://h2air.fr/
HELIANTIS ENERGIES,"{'Link': 'https://www.google.fr/maps/place/595 chemin de Bois Comtal  69390 Millery/', 'Text': ''}",01 87 20 00 51,contact@heliantis-energies.fr,https://www.heliantis-energies.fr/
HELIOPALES,"{'Link': 'https://www.google.fr/maps/place/Le Villard 74360 Vacheresse/', 'Text': ''}",04 50 73 78 34,info@heliopales.com,http://www.heliopales.com
HENSOLDT France SAS,"{'Link': 'https://www.google.fr/maps/place/115 Av. de Dreux, 78370 Plaisir/', 'Text': ''}",,michel.folscheid@hensoldt.net,https://www.hensoldt.fr/what-we-do/energy/airsentinel-systeme-de-detection-des-aeronefs-a-proximite-des-eoliennes/
HK LEGAL,"{'Link': 'https://www.google.fr/maps/place/91 avenue de la République 75011 Paris/', 'Text': ''}",01 55 28 32 77,contact@hklegal.fr,https://www.hklegal.fr/
HTC TECHNIQUES VERTICALES,"{'Link': ""https://www.google.fr/maps/place/Zone d'activités Valdonne, 13124 Peypin/"", 'Text': ''}",04 42 01 19 95,contact@htc-tv.fr,https://www.htc-tv.fr
HYDRODIESOL SAS,"{'Link': 'https://www.google.fr/maps/place/18 RUE NOTRE DAME DU PONTEIL, 63500 ISSOIRE/', 'Text': ''}",,jean-robert.costes@live.fr,
HYDRONEXT,"{'Link': 'https://www.google.fr/maps/place/14 rue Ybry 92200 Neuilly-sur-Seine/', 'Text': ''}",01 84 20 02 36,,http://www.hydronext.fr
IBERDROLA RENOVABLES France,"{'Link': 'https://www.google.fr/maps/place/5 place de la Pyramide - Tour Ariane - Paris La Défense 92800 PUTEAUX/', 'Text': ''}",01 87 10 57 42,contact@iberdrola.fr,http://www.iberdrola.es/
IEL DEVELOPPEMENT,"{'Link': 'https://www.google.fr/maps/place/41 ter bd Carnot 22000 Saint-Brieuc/', 'Text': ''}",02 30 96 02 21,contact@iel-energie.com,http://www.iel-energie.com/
IFOPSE,"{'Link': ""https://www.google.fr/maps/place/11 parc d'activité des Métairies 56130 NIVILLAC/"", 'Text': ''}",299906500,contact@ifopse.com,https://www.ifopse.com/
IFP ENERGIES NOUVELLES,"{'Link': ""https://www.google.fr/maps/place/Rond-point de l'échangeur de Solaize 69360 Solaize/"", 'Text': ''}",04 37 70 28 50,,http://www.ifpenergiesnouvelles.fr
Imagin’ERe,"{'Link': 'https://www.google.fr/maps/place/3, rue du moulin de la canne - 45300 PITHIVIERS/', 'Text': ''}",06 62 75 23 12,didier.mazens@imagin-ere.fr,www.imagin-ere.fr
INERSYS – Groupe Syscom,"{'Link': 'https://www.google.fr/maps/place/Z.A. des Métairies II BP 48 NIVILLAC 56130 La Roche-Bernard/', 'Text': ''}",02 99 90 87 07,,https://www.inersys-syscom.fr/
INNERGEX France SAS,"{'Link': 'https://www.google.fr/maps/place/49 rue du Président Edouard Herriot 69002 Lyon/', 'Text': ''}",04 26 46 03 96,info@innergex.com,http://www.innergex.com
INTHY,"{'Link': 'https://www.google.fr/maps/place/80 RUE SAINT LAZARE 75009 PARIS/', 'Text': ''}",,contact@inthy.com,https://inthy.com/
Iqony Wind France S.A.S,"{'Link': 'https://www.google.fr/maps/place/27 RUE DU CHAMP DE MARS, 57200  SARREGUEMINES/', 'Text': ''}",0763446214,contact-france@iqony.energy,https://wind.iqony.energy/fr/
IRIDIA TECHNOLOGIES,"{'Link': 'https://www.google.fr/maps/place/Αιγιαλείας 52, Μαρούσι 151 25/', 'Text': ''}",302102710600,info@digisec.gr,https://irida-tech.ai/
JEANTET,"{'Link': 'https://www.google.fr/maps/place/11, rue Galilée – 75116 Paris/', 'Text': ''}", 01 45 05 80 08,info@jeantet.fr,https://www.jeantet.fr/
JIGRID,"{'Link': 'https://www.google.fr/maps/place/30 allée des Tilleuls 04200 Sisteron/', 'Text': ''}",09 67 70 22 10,,http://www.jigrid.com/
JOHN COCKERILL,"{'Link': ""https://www.google.fr/maps/place/Lot 14 Boulevard de l'Engrenier 13110 Port de Bouc/"", 'Text': ''}",04 42 40 05 00,services.windturbine.france@johncockerill.com,https://johncockerill.com/fr/
Jones day,"{'Link': 'https://www.google.fr/maps/place/2 rue saint-florentin, 75001 Paris /', 'Text': ''}",01 56 59 39 39 ,adelsaux@jonesday.com,https://www.jonesday.com/fr
JP ENERGIE ENVIRONNEMENT,"{'Link': 'https://www.google.fr/maps/place/12 rue Martin Luther King 14280 Saint-Contest/', 'Text': ''}",02 31 43 70 00,info@jpee.fr,http://www.jpee.fr
KALLIOPE,"{'Link': 'https://www.google.fr/maps/place/98 boulevard Malesherbes 75017 Paris/', 'Text': ''}",01 44 70 64 70,contact@kalliope-law.com,https://www.kalliope-law.com/fr/
KDE ENERGY France,"{'Link': 'https://www.google.fr/maps/place/Synergie Parc 4 rue Nicolas Appert 59260 Lézennes/', 'Text': ''}",09 63 40 90 60,,http://www.kde-energy.fr/
KGAL,"{'Link': 'https://www.google.fr/maps/place/Tolzer Strabe 15 82031 Grunwald/', 'Text': ''}",49 30 25761690,contact@kgal.de,www.kgal-group.com 
KJM CONSEIL SAS,"{'Link': 'https://www.google.fr/maps/place/18 rue Quentin 21000 Dijon/', 'Text': ''}",,havnhove@kjm-conseil.com,https://www.kjm-conseil.com/
KLUBER LUBRICATION FRANCE S.A.S,"{'Link': 'https://www.google.fr/maps/place/ZI des Auréats 10 à 16 Allée Eugène Ducretet 26000 Valence/', 'Text': ''}",+33 4 75 44 84 24 ,nicolas.ory@klueber.com,https://www.klueber.com/fr/fr/solutions-industrielles/industries/lubrifiants-hautes-performances-eoliennes/?mtm_campaign=wind_FEE&mtm_source=website
Lanthan Safe Sky GmbH,"{'Link': 'https://www.google.fr/maps/place/Wieslocher Str. 38 69190 Walldorf GERMANY/', 'Text': ''}",+49 6227 69 89 630,vertrieb@lanthan-safe-sky.com,https://www.lanthan-safe-sky.com/
LHOTELLIER,"{'Link': 'https://www.google.fr/maps/place/ZI rue du Manoir, 76340  Blangy-sur-Bresle/', 'Text': ''}",02 35 17 60 00 ,contact@lhotellier.fr,https://www.lhotellier.fr/
LIGHT GUARD GmbH,"{'Link': 'https://www.google.fr/maps/place/Krendelstr. 32, 30916 Isernhagen OT Altwarmbüchen, Germany/', 'Text': ''}",+49 511 47404830,info@light-guard.com,https://light-guard.com/
LINKLATERS LLP,"{'Link': 'https://www.google.fr/maps/place/25 rue de Marignan 75008 Paris/', 'Text': ''}",01 56 43 56 43,,https://www.linklaters.com
LOCOGEN SAS,"{'Link': 'https://www.google.fr/maps/place/34 rue Frederic Le Guyader 35200 RENNES/', 'Text': ''}",09 52 41 52 43,cedric.gerbier@locogen.com,https://www.locogen.fr/
LOUIS DREYFUS ARMATEUR,"{'Link': 'https://www.google.fr/maps/place/21 Quai Gallieni 92150 Suresnes/', 'Text': ''}",01 70 38 60 00,,http://www.lda.fr
LOXAM,"{'Link': 'https://www.google.fr/maps/place/8 RUE FELIX PYAT, 92800 PUTEAUX/', 'Text': ''}",0800 20 40 80,jerome.dumortier@loxam.fr,https://www.loxam.fr
LPA-CGR avocats,"{'Link': 'https://www.google.fr/maps/place/136 avenue des Champs-Elysées 75008 Paris/', 'Text': ''}",01 53 93 30 00,paris@lpalaw.com,http://www.lpalaw.com
Lycée DHUODA,"{'Link': 'https://www.google.fr/maps/place/17 Rue Dhuoda 30913 Nîmes/', 'Text': ''}",04 66 04 85 85,ce.0300026r@ac-montpellier.fr,http://www.lycee-dhuoda-nimes.com
LYCEE SAINT FRANCOIS D’ASSISE,"{'Link': 'https://www.google.fr/maps/place/40 Rue Victor Hugo, 85000 La Roche-sur-Yon/', 'Text': ''}",02 51 37 04 48,,https://www.stfrancoislaroche.fr/
M WIND,"{'Link': 'https://www.google.fr/maps/place/42 cours Pierre Vasseur, 91120 Palaisseau/', 'Text': ''}",01 47 55 74 30,contact@mwind.fr,https://mwind.fr
MAGREE SOURCE,"{'Link': 'https://www.google.fr/maps/place/25 avenue des Martyrs, 38042 Grenoble/', 'Text': ''}",07 68 48 86 43,erick.petit@magreesource.com,https://www.magreesource.org
MASER ENGINEERING,"{'Link': 'https://www.google.fr/maps/place/4 rue des Fondeurs 44570 Trignac/', 'Text': ''}",01 55 46 50 97,,http://maser-engineering.com
MD WIND,"{'Link': 'https://www.google.fr/maps/place/23 Gruuss Strooss L-9991 Weiswampach Luxembourg/', 'Text': ''}",03 52 27 80 16,info@mdwind.com,https://mdwind.com
MENARD,"{'Link': 'https://www.google.fr/maps/place/22 Rue Jean Rostand, 91400 Orsay/', 'Text': ''}",169013738,maelle.jourdren@menard-mail.com,https://www.menardfrance.fr/
METROL,"{'Link': 'https://www.google.fr/maps/place/44 rue de La Quintinie 75015 Paris/', 'Text': ''}",01 40 45 33 40,,http://www.metrol.fr
MIROVA,"{'Link': 'https://www.google.fr/maps/place/21 quai d’Austerlitz 75013 Paris/', 'Text': ''}",01 58 55 70 10,,http://www.mirova.com
MW ENERGIES,"{'Link': 'https://www.google.fr/maps/place/40 Rue du Village 91530 Le Val-Saint-Germain/', 'Text': ''}",,,http://mwenergies.com/
NATURAL FORCES RENEWABLES IRELAND,"{'Link': 'https://www.google.fr/maps/place/3rd Floor, Hampton House, 27 Mount Street Lower, Dublin, D02 FC43, Irlande/', 'Text': ''}",,community@naturalforces.ie,https://naturalforces.ie/
NATURAL POWER,"{'Link': 'https://www.google.fr/maps/place/1 boulevard Salvador Allende 44100 Nantes/', 'Text': ''}",02 49 88 12 80,info@naturalpower.fr,https://www.naturalpower.com/fr/
NEOPOLIA,"{'Link': 'https://www.google.fr/maps/place/35 Av. du Général de Gaulle, 44600 Saint-Nazaire/', 'Text': ''}",02 40 17 21 52,contact@neopolia.fr,https://www.neopolia.fr/
NEOTEK SAS,"{'Link': 'https://www.google.fr/maps/place/85 Rue Michel Marion, 56850 Caudan/', 'Text': ''}",33297898720,cyril.giry@neotek-web.com,https://neotek-web.com/
NET WIND,"{'Link': 'https://www.google.fr/maps/place/PA de Tournebride 17 rue de la Guillauderie 44118 La Chevrolière/', 'Text': ''}",02 40 97 70 41,contact@net-wind.com,https://www.net-wind.com
NORDEX FRANCE SAS,"{'Link': 'https://www.google.fr/maps/place/194 avenue Président Wilson 93210 La Plaine Saint-Denis/', 'Text': ''}",01 55 93 43 43,contact_france@nordex-online.com,http://www.nordex-online.fr/
NORIA,"{'Link': 'https://www.google.fr/maps/place/159 Avenue de la Marne 59700 Marcq-en-Barœul/', 'Text': ''}",02 99 72 10 89,coordination.noria@gmail.com,http://www.noria.eu
NORMANDIE ENERGIES,"{'Link': 'https://www.google.fr/maps/place/Avenue de l’Université 76800 Saint Etienne du Rouvray Cedex/', 'Text': ''}",02 32 95 99 95,info@energies-normandie.com,http://www.energies-normandie.com
NORMANDIE MARITIME,"{'Link': 'https://www.google.fr/maps/place/8 rue Léopold Sedar Senghor, 14460 Colombelles/', 'Text': ''}",06 82 88 57 69,delphine.lefrancois@normandie-maritime.fr,https://www.normandie-maritime.fr
NORTON ROSE FULBRIGHT LLP,"{'Link': 'https://www.google.fr/maps/place/40 rue de Courcelles 75008 Paris/', 'Text': ''}",01 56 59 50 00,,http://www.nortonrosefulbright.com/fr/
Notaires Jaurès Nîmes,"{'Link': 'https://www.google.fr/maps/place/49 avenue Jean Jaurès 30900 Nîmes/', 'Text': ''}",04 66 28 87 13,barbara.simerey@notaires.fr,https://www.notaires-jaures-nimes.fr/
NOTUS ENERGIE France,"{'Link': 'https://www.google.fr/maps/place/24-26 rue de la Pépinière 75008 Paris/', 'Text': ''}",33142220303,,https://www.notus.fr/
NOUVERGIES,"{'Link': 'https://www.google.fr/maps/place/5 rue Jean Monnet 94130 Nogent-sur-Marne/', 'Text': ''}",01 77 61 55 60,contact@nouvergies.com,https://nouvergies.com/
NTR WIND MANAGEMENT DAC,"{'Link': 'https://www.google.fr/maps/place/Sandyford Industrial Estate Dublin D18Y2T8 Ireland/', 'Text': ''}",353-1-206-3700,,http://www.ntrplc.com
OBSTA,"{'Link': 'https://www.google.fr/maps/place/2 rue Troyon 92310 Sèvres/', 'Text': ''}",01 41 23 50 10,info@obsta.com,http://obsta.com
OCEAN WINDS,"{'Link': 'https://www.google.fr/maps/place/25 Quai Panhard et Levassor 75013 Paris/', 'Text': ''}",,dominique.moniot@oceanwinds.com,https://www.oceanwinds.com
OIM FRANCE,"{'Link': 'https://www.google.fr/maps/place/6 Rue Bois Robillard 44300 Nantes/', 'Text': ''}",,benoit.peyrichout@oim-services.com,https://www.oim-services.com/
OMEXOM RENEWABLE ENERGIES OFFSHORE GMBH,"{'Link': 'https://www.google.fr/maps/place/Bahnhofstraße 7 26123 OLDENBURG GERMANY/', 'Text': ''}",+49 441 350 21 151,sophia.ziyat@omexom.com,https://omexom-offshore.de/en/
OPALE ENERGIES,"{'Link': 'https://www.google.fr/maps/place/17 Rue du Stade, 25660 Fontain/', 'Text': ''}",03 81 61 66 88,,https://www.opale-energies.fr/
OSTWIND international,"{'Link': 'https://www.google.fr/maps/place/Espace Européen de l’Entreprise 1 rue de Berne 67300 Schiltigheim/', 'Text': ''}",03 90 22 73 40,info@ostwind.fr,http://www.ostwind.fr/
OvP Solutions SAS,"{'Link': '', 'Text': ''}",06 07 61 10 88,perot.olivier@neuf.fr,
OXAN ENERGY,"{'Link': 'https://www.google.fr/maps/place/7 rue Eugène Millon, 75015 PARIS/', 'Text': ''}",06 62 22 52 52,nicolas.paul-dauphin@oxan.energy,https://oxan.energy/
Photosol Développement,"{'Link': 'https://www.google.fr/maps/place/40-42 Rue de la Boétie 75008 Paris/', 'Text': ''}",,,https://www.photosol.fr/
PINSENT MASONS FRANCE LLP,"{'Link': 'https://www.google.fr/maps/place/21-23 Rue Blazac 75008 Paris/', 'Text': ''}",01 53 53 02 80,andre.torel@pinsentmasons.com,https://www.pinsentmasons.com/fr-fr
PLANETA France SAS,"{'Link': 'https://www.google.fr/maps/place/ZI Le Pan Loup 44220 Couëron/', 'Text': ''}",09 51 25 87 61,info@planeta-france.com,http://www.planeta-france.com
PLASTEOL,"{'Link': 'https://www.google.fr/maps/place/24 All. Loïc Caradec, 56000 Vannes/', 'Text': ''}",297409844,p.lejoubioux@plasteol.fr,https://www.plasteol.fr
POLE MEDITERRANEE,"{'Link': 'https://www.google.fr/maps/place/40 rue Eugène Jacquet 59700 Marcq-en-Barœul/', 'Text': ''}",03 20 99 46 37,contact@pole-medee.com,http://www.pole-medee.com
POMA LEITWIND,"{'Link': 'https://www.google.fr/maps/place/109 rue Aristide Bergès CS 30047 38341 Voreppe Cedex/', 'Text': ''}",04 76 28 70 00,eolien@poma-leitwind.com,http://www.poma.net/
POWEEND,"{'Link': 'https://www.google.fr/maps/place/11 avenue Marc Lefrancq 59121 PROUVY/', 'Text': ''}",327320798,contact@poweend.com,www.poweend.com
PRINCIPLE POWER FRANCE,"{'Link': 'https://www.google.fr/maps/place/1140 rue André Ampère Actimart U1-B 13290 Aix-en-Provence/', 'Text': ''}",04 42 693 850,,http://www.principlepowerinc.com/
PRUD’HOMME & BAUM,"{'Link': 'https://www.google.fr/maps/place/1-3 Rue Lulli, 75002 Paris/', 'Text': ''}",142332105,axelle.testut@prudhommebaum.fr,https://www.prudhommebaum.fr/
PWC SOCIÉTÉ D’AVOCATS,"{'Link': 'https://www.google.fr/maps/place/61 Rue de Villiers 92208 Neuilly-sur-Seine/', 'Text': ''}",01 56 57 56 57,,https://www.pwcavocats.com
QAIR,"{'Link': 'https://www.google.fr/maps/place/Domaine de Patau Chemin de Maussac Patau 34420 Villeneuve les Beziers/', 'Text': ''}",,,https://www.qair.energy/
QENERGY FRANCE,"{'Link': 'https://www.google.fr/maps/place/330 rue du Mourelet ZI de courtine 84000 Avignon/', 'Text': ''}",04 32 76 03 00,info.france@qenergyfrance.eu,https://qenergy.eu/france/fr/
QUENEA ENERGIES RENOUVELABLES,"{'Link': 'https://www.google.fr/maps/place/10 place du champ de foire 29270 Carhaix/', 'Text': ''}",02 98 93 31 00,commercial@quenea.com,http://www.quenea.com/
RBA,"{'Link': 'https://www.google.fr/maps/place/5 Rue de Prony 75017 Paris/', 'Text': ''}",01 44 40 54 00,,https://www.rbagroupe.com
REMAP SERVICES,"{'Link': 'https://www.google.fr/maps/place/9 rue Georges Braque, 76000 Rouen/', 'Text': ''}",,julien.buzzi@remapservices.com,https://www.remapservices.com/
RENANTIS,"{'Link': 'https://www.google.fr/maps/place/5 Rue Jean Macé 35000 Rennes/', 'Text': ''}",02 23 45 06 99,,https://developpement.renantis.com/home-12/
RENNER ENERGIES,"{'Link': 'https://www.google.fr/maps/place/26-28 rue Buirette 51100 Reims/', 'Text': ''}",03 26 35 29 72,communication@renner-energies.com,https://www.renner-energies.com/fr
RES SERVICES,"{'Link': 'https://www.google.fr/maps/place/115 rue du Mourelet - ZI de Courtine 84000 AVIGNON/', 'Text': ''}",432768222,robin.drevet@res-group.com,https://www.res-group.com
ROBUR WIND FRANCE,"{'Link': 'https://www.google.fr/maps/place/6, rue Abraham de Moivre 51300 Vitry le Francois/', 'Text': ''}",,info.windfr@robur-group.com,https://www.robur-wind.com/
RP GLOBAL France,"{'Link': 'https://www.google.fr/maps/place/96 rue nationale 59000 Lille/', 'Text': ''}",03 20 51 16 59,,http://www.rp-global.com/
RUAVEL,"{'Link': 'https://www.google.fr/maps/place/9 rue Michel-Ange 29200 Brest/', 'Text': ''}",,ruavel@ruavel.com,https://ruavel.com/
RWE RENOUVELABLES FRANCE,"{'Link': 'https://www.google.fr/maps/place/50 Rue Madame de Sanzillon 92110 Clichy/', 'Text': ''}",+33 1 41 40 64 53,,https://fr.rwe.com/
SAB Energies Renouvelables SAS,"{'Link': 'https://www.google.fr/maps/place/1 Rue Guglielmo Marconi, 44800 Saint-Herblain/', 'Text': ''}",01 47 03 10 10,contact@sab-enr.fr,http://www.sab-windteam.de/
SAFETYPACK,"{'Link': 'https://www.google.fr/maps/place/11 rue du Martin Pêcheur ZA La Vogelau 67300 Schiltigheim/', 'Text': ''}",03 88 20 99 48,info@safetypack.fr,http://www.safetypack.fr
SAFIER INGENIERIE SAS,"{'Link': 'https://www.google.fr/maps/place/13 cours du Danube 77700 Serris/', 'Text': ''}",,sisa@safier-ingenieriesa.com ,http://www.safier-ingenieriesa.com/ 
SAINT-LAURENT ENERGIE,"{'Link': ""https://www.google.fr/maps/place/2 Rue du Char d'Argent 88000 Épinal/"", 'Text': ''}",03 29 64 14 46,saintlaurentenergie@wanadoo.fr,
SBM France,"{'Link': 'https://www.google.fr/maps/place/1 Avenue 6290 m, 06510 Le Broc - Carros/', 'Text': ''}",05 62 42 21 00,,https://www.sbmoffshore.com/
SCANDOL,"{'Link': 'https://www.google.fr/maps/place/22 RESIDENCE LUCIE AUBRAC 59239 THUMERIES/', 'Text': ''}",,alexis.leclercq@scandol.fr,https://www.scandol.fr/
SCP LACOURTE RAQUIN TATAR,"{'Link': 'https://www.google.fr/maps/place/36 rue Beaujon 75008 Paris/', 'Text': ''}",01 58 54 40 00,contact@lacourte.com,http://www.lacourte.com
SEM ENR CITOYENNE,"{'Link': 'https://www.google.fr/maps/place/1 rue Maurice Chevassu 39000 Lons le Saunier/', 'Text': ''}",0384478321,contact@sem-enr.fr,http://www.sem-enr.fr/
SENS OF LIFE,"{'Link': 'https://www.google.fr/maps/place/Place du jeu de Ballon 34230 Plaissan/', 'Text': ''}",+33 6 74 01 75 44,,http://www.sensoflife.com/
SEPALE,"{'Link': 'https://www.google.fr/maps/place/18 Rue du 4 Septembre, 34500 Béziers/', 'Text': ''}",04 67 48 60 06,contact@sepale.com,https://sepale.com/
SERGIES,"{'Link': 'https://www.google.fr/maps/place/78 avenue Jacques Coeur CS 10 000 86068 Poitiers cedex 9/', 'Text': ''}",05 49 44 79 42,contact@sergies.fr,http://www.sergies.fr
SHEFFIELD GREEN,"{'Link': 'https://www.google.fr/maps/place/29 rue Blanche, 75009 Paris/', 'Text': ''}",01 80 20 90 31,justyna.szkopiecka@sheffieldgreen.com,https://www.sheffieldenergies.com
SIEMENS ENERGY,"{'Link': ""https://www.google.fr/maps/place/8-10 avenue de l'Arche 92400 Courbevoie/"", 'Text': ''}",06 40 54 45 55,france.communication@siemens-energy.vom,https://www.siemens-energy.com/global/en/home.html
SIEMENS Gamesa Renewable Energy Wind,"{'Link': 'https://www.google.fr/maps/place/40 avenue des Fruitiers 93527 Saint-Denis Cedex/', 'Text': ''}",01 85 57 00 00,infowind.fr@siemens.com,http://www.siemensgamesa.com/gamesa/en/siemensgamesa.html
Singulair,"{'Link': 'https://www.google.fr/maps/place/87 quai de Queyries 33100 Bordeaux/', 'Text': ''}",,contact@singulair.io,http://www.singulair.io/
SIRMET,"{'Link': 'https://www.google.fr/maps/place/7 rue Alfred Deshors ZAC Brive Ouest 19100 BRIVE-LA-GAILLARDE/', 'Text': ''}",05 55 84 85 93,lucie.gerenton@sirmet.fr,https://www.sirmet.fr
SK & PARTNER,"{'Link': 'https://www.google.fr/maps/place/8 rue de Hanovre 75002 Paris/', 'Text': ''}",01 53 53 46 70,,http://www.sk-partner.fr
SKYBORN RENEWABLES,"{'Link': 'https://www.google.fr/maps/place/94 rue Saint-Lazare 75009 Paris/', 'Text': ''}",01 82 72 61 00,france@skybornrenewables.com,https://www.skybornrenewables.com/markets/france/local
SKYWORK,"{'Link': 'https://www.google.fr/maps/place/113 rue de Curembourg 45400 Fleury-les-Aubrais/', 'Text': ''}",02 38 21 68 60,cpmax@skywork.fr,http://www.skywork.fr
SOCIÉTÉ D’ÉOLIENNE CARIBÉENNE,"{'Link': 'https://www.google.fr/maps/place/1 rue des Sources 51320 Vatry/', 'Text': ''}",05 90 21 03 29,,
SOCIETE GENERALE,"{'Link': 'https://www.google.fr/maps/place/17 cours Valmy 92800 Puteaux/', 'Text': ''}",01 42 14 58 92,,https://www.societegenerale.com/
SODEREC SAS FER ET METAUX,"{'Link': ""https://www.google.fr/maps/place/42 rue du Château d'Eau, 47800 Miramont de Guyenne/"", 'Text': ''}",05 53 79 46 07,contact@soderecgroupe.com,https://www.soderec-groupe.com/
SOFIVA ENERGIE,"{'Link': 'https://www.google.fr/maps/place/9 bis chemin de Ponson BP90070 07202 Aubenas Cedex/', 'Text': ''}",04 75 35 40 41,sofiva@wanadoo.fr,https://www.sofiva.fr/%C3%A9nergie
SOLATERRA,"{'Link': 'https://www.google.fr/maps/place/9 allée Pierre de Fermat 63170 Aubière/', 'Text': ''}",04 73 28 77 02,contact@solaterra.fr,http://www.solaterra.fr/
SOLEIL DU MIDI,"{'Link': 'https://www.google.fr/maps/place/116 Grande Rue Saint-Michel 31400 Toulouse/', 'Text': ''}",,,https://www.soleildumidi.fr/
SOLVEO ENERGIE,"{'Link': 'https://www.google.fr/maps/place/3 bis route de Lacourtensourt 31150 Fenouillet/', 'Text': ''}",05 61 82 08 20,contact@solveo-energie.com,http://www.solveo-energie.com/
SOMME NATURE ENVIRONNEMENT,"{'Link': 'https://www.google.fr/maps/place/5 Allée Alain Ducamp, 80 000 AMIENS/', 'Text': ''}",03 22 33 24 21,etudes@somme-nature.fr,https://www.somme-nature.fr
SPARKSIS,"{'Link': 'https://www.google.fr/maps/place/8 RUE AUBER 75009 PARIS/', 'Text': ''}",33188320547,contact@sparksis.eu,https://sparksis.eu/
SPOOR AS,"{'Link': 'https://www.google.fr/maps/place/Wilsesgate 6 0178 OSLO NORVEGE/', 'Text': ''}",,ask@spoor.ai,https://www.spoor.ai
SSE RENEWABLES FRANCE,"{'Link': 'https://www.google.fr/maps/place/97 allée Alexandre Borodine 69800 Saint-Priest/', 'Text': ''}",,lena.dumontet@sse.com,https://www.sserenewables.com/
STATKRAFT MARKETS GMBH,"{'Link': 'https://www.google.fr/maps/place/Cité Internationale de Lyon, 66 quai Charles de Gaulle, 69463 Lyon Cedex 06, France/', 'Text': ''}",33478949486,enr@statkraft.com,https://www.statkraft.fr
SUBSEA 7 France,"{'Link': 'https://www.google.fr/maps/place/1 quai Marcel Dassault 92150 SURESNES/', 'Text': ''}",140979002,laurent.villard@subsea7.com,https://www.subsea7.com
SUEZ RV FRANCE,"{'Link': ""https://www.google.fr/maps/place/Tour CB21, 16 Place de l'Iris, 92040 Courbevoie/"", 'Text': ''}",01 58 81 30 50,,https://www.suez.com/fr
SUPPLY GRAPH,"{'Link': 'https://www.google.fr/maps/place/2 pl de Tourraine, 78000 Versailles - France/', 'Text': ''}",01 70 29 08 53,contact@supply-graph.io,https://www.supply-graph.io/
SYNERDEV,"{'Link': 'https://www.google.fr/maps/place/11 rue Court de Gebelin - Immeuble Le Neuilly/', 'Text': ''}",04 66 71 70 20,contact@synerdev.fr,https://www.synerdev.fr
SYNERIA,"{'Link': 'https://www.google.fr/maps/place/15 Rue Taitbout, 75009 Paris, France/', 'Text': ''}",+33 1 72 71 25 15,info@syneria.eu,https://syneria.eu/
SYNOPS CONSEIL,"{'Link': 'https://www.google.fr/maps/place/7 place Darcy 21000 Dijon/', 'Text': ''}",,contact@synops-conseil.fr,https://www.synops-conseil.fr/
TCO WIND LORRAINE SAS,"{'Link': 'https://www.google.fr/maps/place/63 Rue de Forbin 13002 Marseille/', 'Text': ''}",,info@tco-wind.com,http://www.tco-wind.com
Technostrobe,"{'Link': ""https://www.google.fr/maps/place/65 Rue Herbert O'connell, Coteau-du-Lac, QC J0P 1B0, Canada/"", 'Text': ''}",+1 450-763-2097,contact@technostrobe.com,https://technostrobe.com/
TEKERIA,"{'Link': 'https://www.google.fr/maps/place/57 Boulevard de la République Batiment 8 78400 Chatou/', 'Text': ''}",01 30 71 53 29,contact@tekeria.com,https://www.tekeria.com
TENERGIE SOLUTIONS,"{'Link': ""https://www.google.fr/maps/place/Arteparc de Meyreuil Bâtiment A Route de la Côte d'Azur 13590 MEYREUIL/"", 'Text': ''}",442287295,contact@tenergie.fr,https://tenergie.fr/
TENERRDIS,"{'Link': 'https://www.google.fr/maps/place/19 Rue des Berges 38000 Grenoble/', 'Text': ''}",04 76 51 85 34,,https://www.tenerrdis.fr/fr/
TENSAR INTERNATIONAL,"{'Link': 'https://www.google.fr/maps/place/46 rue Victor Hugo 69200 VÉNISSIEUX/', 'Text': ''}",04 78 67 62 13,etudes@tensar.fr,https://www.tensar.fr/
TERAPOLIS,"{'Link': 'https://www.google.fr/maps/place/74 rue Georges Bonnac - Résidence les Jardins de Gambetta Tour 3 -  33000 Bordeaux/', 'Text': ''}",05 54 07 02 09,contact@terapolisenergies.fr,https://www.terapolisenergies.fr/
TERR.A,"{'Link': 'https://www.google.fr/maps/place/10 rue du Colisée 75008 PARIS/', 'Text': ''}",,contact@terr-a.fr,https://www.terr-a.fr
TES (Transports Europe Services),"{'Link': 'https://www.google.fr/maps/place/6 rue de Lugano 68180 Horbourg Wihr/', 'Text': ''}",03 89 72 60 10,herve.kautzmann@tes-europe.fr,http://tes-europe.fr/
TOTALENERGIES,"{'Link': 'https://www.google.fr/maps/place/ LA DEFENSE 6 2 PLACE JEAN MILLIER 92400 COURBEVOIE/', 'Text': ''}",,,https://renouvelables.totalenergies.fr/fr
TRANSPORT CAPELLE,"{'Link': 'https://www.google.fr/maps/place/Mas David, 30360 Vézénobres/', 'Text': ''}",33466255500,coralyne.droz@augizeau-te.com,https://www.transports-capelle.fr/
TSE,"{'Link': 'https://www.google.fr/maps/place/55, allée Pierre Ziller 06560 Valbonne/', 'Text': ''}",04 83 15 11 54,carole.mathieu@tse.energy,https://tse.energy/
TTR ENERGY,"{'Link': ""https://www.google.fr/maps/place/Chaussée d'Alsemberg 997 1180 BRUXELLES/"", 'Text': ''}",0032 02 880 83 41,info@ttrenergy.com,http://ttrenergy.com
UL Solutions,"{'Link': ""https://www.google.fr/maps/place/Espace Technologique,Bâtiment Explorer Route de I'Orme des merisiers/"", 'Text': ''}",160198800,Lisa.Andrews@ul.com,http://www.ul.com/renewables
UNIFERGIE – CREDIT AGRICOLE,"{'Link': 'https://www.google.fr/maps/place/12 place des Etats-Unis 92548 Montrouge/', 'Text': ''}",04 95 29 33 33,,http://www.unifergie.fr
UNION DES PRODUCTEURS LOCAUX D’ELECTRICITE,"{'Link': 'https://www.google.fr/maps/place/14 rue du Parc National 64260 Arudy/', 'Text': ''}",05 64 27 04 88,chloe.duprat@energiedici.fr,https://www.energiedici.fr/
UNIPER RENEWABLES FRANCE,"{'Link': 'https://www.google.fr/maps/place/153 Boulevard HAUSSMANN, 75008 PARIS/', 'Text': ''}",06 77 18 40 11,nicolas.babikian@uniper.enery,https://www.uniper.energy/about-uniper/business-structure/renewables
VAISALA France,"{'Link': 'https://www.google.fr/maps/place/Tech Park, 6A Rue René Razel, 91400 Saclay, France/', 'Text': ''}",130572728,ventes@vaisala.com,https://www.vaisala.com/fr
VALOREM ENERGIE,"{'Link': 'https://www.google.fr/maps/place/213 cours Victor Hugo 33323 Begles Cedex/', 'Text': ''}",05 56 49 42 65,contact@valorem-energie.com,http://www.valorem-energie.com/
VATTENFALL ENERGIES SA,"{'Link': 'https://www.google.fr/maps/place/6 avenue de Bruxelles 68350 Didenheim/', 'Text': ''}",00 33 389383423,,https://www.vattenfall.fr
VDN GROUP,"{'Link': 'https://www.google.fr/maps/place/4 avenue Laurent Cély 92600 Asnieres sur Seine/', 'Text': ''}",03 44 57 98 33,contact@vdn-group.fr,https://vdn-group.com
VENDEE ENERGIE,"{'Link': 'https://www.google.fr/maps/place/3 rue du Maréchal Juin CS 80040 85036 La-Roche-Sur-Yon Cedex/', 'Text': ''}",02 51 45 88 86,ve@vendee-energie.fr,http://www.sydev-vendee.fr/pages/vendee-energie.php
VENSOLAIR,"{'Link': 'https://www.google.fr/maps/place/1025 rue Henri Becquerel Parc Club Millénaire Bât 4 34000 Montpellier/', 'Text': ''}",04 11 95 00 30,contact@vensolair.fr,https://vensolair.fr/
VENT D’EST SAS,"{'Link': 'https://www.google.fr/maps/place/3 Avenue Général de Gaulle 88000 Épinal/', 'Text': ''}",03 29 33 03 73,office.manager@vent-d-est.com,https://vent-d-est.com/
VENTELYS,"{'Link': 'https://www.google.fr/maps/place/17 rue Pagès\xa092150 Suresnes/', 'Text': ''}",01 84 19 49 63,,https://www.ventelys.fr
VENTIENT ENERGY,"{'Link': 'https://www.google.fr/maps/place/4th Floor, 12 Blenheim Place, Edinburgh, EH7 5JH, Royaume-Uni/', 'Text': ''}",+44 131 243 1380,communication@ventientenergy.com,https://www.ventientenergy.com/
VENTIS,"{'Link': 'https://www.google.fr/maps/place/74 rue du Docteur Jenner 59007 Lille/', 'Text': ''}",09 72 40 72 74,info@ventis.eu,
VERSPIEREN,"{'Link': 'https://www.google.fr/maps/place/8 avenue du Stade de France 93210 Saint-Denis/', 'Text': ''}",01 49 64 14 91,,https://www.verspieren.com
VESTAS,"{'Link': 'https://www.google.fr/maps/place/770 Avenue Alfred Sauvy 34470 Pérols/', 'Text': ''}",04 67 20 22 02,vestas-france@vestas.com,https://www.vestas.com/
VINCI CONSTRUCTION SERVICES PARTAGES,"{'Link': 'https://www.google.fr/maps/place/18 place de l’Europe 92565 Rueil Malmaison/', 'Text': ''}",01 47 16 38 00,,https://vinci-construction.com/fr/
Viridi Energies Renouvelables,"{'Link': 'https://www.google.fr/maps/place/10 rue Grenata 75003 Paris/', 'Text': ''}",,info@viridire.com,https://viridi.de/
VOLKSWIND France,"{'Link': 'https://www.google.fr/maps/place/45 rue du Cardinal Lemoine 75005 Paris/', 'Text': ''}",01 53 10 91 60,communication@volkswind.com,http://www.volkswind.fr/
VOLTA AVOCATS,"{'Link': 'https://www.google.fr/maps/place/4 rue de Rome 75008 Paris/', 'Text': ''}",,,http://www.volta-avocats.fr
VOLTA DEVELOPPEMENT (EOL PROD 1),"{'Link': 'https://www.google.fr/maps/place/16 rue de Washington, P/O WOJO, 75008 PAris/', 'Text': ''}",,,https://www.groupe-volta.com/
VOLTALIA,"{'Link': 'https://www.google.fr/maps/place/1330 rue JRGG de la Lauzière 13 856 Aix-en-Provence/', 'Text': ''}",01 40 88 96 10,secretariat@voltalia.com,http://www.voltalia.com
VOLTAN ENERGIES,"{'Link': 'https://www.google.fr/maps/place/16 rue Krug 25000 Besançon/', 'Text': ''}",06 45 08 22 32 ,frederic.beltran@voltan-energies.fr,
VOLTERRES,"{'Link': 'https://www.google.fr/maps/place/36 Rue Brunel, 75017 Paris/', 'Text': ''}",01 84 79 95 45,contact@Volterres.fr,https://volterres.fr/
VRYHOF,"{'Link': 'https://www.google.fr/maps/place/Vryhof Ancors 2901 CAPELLE AAN DEN IJSSEL/', 'Text': ''}",01 56 60 56 60,info@vryhof.com,http://www.vryhof.com
VSB ENERGIES NOUVELLES,"{'Link': 'https://www.google.fr/maps/place/27 Quai de la Fontaine 30900 Nîmes/', 'Text': ''}",04 66 21 78 43,contact@vsb-energies.fr,http://www.vsb-energies.fr/
VULCAIN,"{'Link': 'https://www.google.fr/maps/place/40 avenue Hoche 75008 Paris/', 'Text': ''}",01 44 70 63 80,,https://www.vulcain.eu
WATSON FARLEY & WILLIAMS LLP,"{'Link': 'https://www.google.fr/maps/place/26 avenue des Champs-Elysées 75008 Paris/', 'Text': ''}",01 56 88 21 21,parisinfo@wfw.com,http://www.wfw.com
WattaBase,"{'Link': 'https://www.google.fr/maps/place/3 RUE STENDHAL 38360 SASSENAGE/', 'Text': ''}",,contact@wattabase.com,https://wattabase.com/
WATTS.GREEN SARL,"{'Link': 'https://www.google.fr/maps/place/86 rue des Garennes 3-1170 Bruxelles Belgique/', 'Text': ''}",,info@watts.green,https://watts.green/
WEB Energie du Vent SAS,"{'Link': 'https://www.google.fr/maps/place/22 rue Charcot 75013 Paris/', 'Text': ''}",01 84 79 24 40,office@webenergieduvent.fr,http://www.webenergieduvent.fr/
WHITE AND CASE LLP,"{'Link': 'https://www.google.fr/maps/place/19 Place Vendôme, 75001 Paris/', 'Text': ''}",33155041515,,https://www.whitecase.com/
WINDSTROM FRANCE,"{'Link': 'https://www.google.fr/maps/place/7 Rue du Danemark 56400 Auray/', 'Text': ''}",,info@windstrom.de,https://www.windstrom.de/france.html
WKN France,"{'Link': 'https://www.google.fr/maps/place/Immeuble Le Cambridge 10 boulevard Emile Gabory 44200 Nantes/', 'Text': ''}",02 40 58 73 10,contact@wkn-france.fr,http://www.wkn-france.fr/
WPD SAS,"{'Link': 'https://www.google.fr/maps/place/98 rue du Château 92100 Boulogne Billancourt/', 'Text': ''}",01 41 31 09 02,info@wpd.fr,http://www.wpd.fr/start/
WPD WINDMANAGER,"{'Link': 'https://www.google.fr/maps/place/29 Rue des Rosati, 62000 Arras/', 'Text': ''}",03 21 15 91 86,windmanager@wpd.fr,https://www.windmanager.fr/
WPO,"{'Link': 'https://www.google.fr/maps/place/22 rue de Palestro 75002 Paris/', 'Text': ''}",01 75 77 06 80,welcome@wpo.eu,www.wpo.eu
